class,filter,mean,std,p95
Benign,original,0.500817596912384,0.16666755080223083,0.6352941393852234
Benign,gaussian_blur,0.500817596912384,0.16578978300094604,0.6310564279556274
Benign,sobel_x,0.03733676299452782,0.054287105798721313,0.10196077823638916
Benign,sobel_y,0.04394936561584473,0.05372423306107521,0.11764705181121826
Benign,laplacian,0.012397008016705513,0.019071048125624657,0.039215683937072754
Benign,gabor_0deg,4.0691914558410645,1.3864970207214355,5.278066635131836
Benign,gabor_90deg,4.060528755187988,1.4123061895370483,5.466837406158447
Malignant,original,0.4234188199043274,0.11854178458452225,0.6196078658103943
Malignant,gaussian_blur,0.423418790102005,0.11149986833333969,0.6070490479469299
Malignant,sobel_x,0.10525176674127579,0.11729369312524796,0.3333333134651184
Malignant,sobel_y,0.10463501513004303,0.11787472665309906,0.3254902958869934
Malignant,laplacian,0.028074685484170914,0.03576221689581871,0.09411764144897461
Malignant,gabor_0deg,3.4784746170043945,1.3777472972869873,5.675570011138916
Malignant,gabor_90deg,3.4591259956359863,1.383744716644287,5.734642505645752
Indeterminate,original,0.578211784362793,0.09622220695018768,0.7411764860153198
Indeterminate,gaussian_blur,0.578211784362793,0.09373778849840164,0.7369799613952637
Indeterminate,sobel_x,0.04421133175492287,0.08005417138338089,0.14117646217346191
Indeterminate,sobel_y,0.033423151820898056,0.05790865793824196,0.10980391502380371
Indeterminate,laplacian,0.00967500451952219,0.01835154928267002,0.0313725471496582
Indeterminate,gabor_0deg,4.698454856872559,1.1212117671966553,6.478203773498535
Indeterminate,gabor_90deg,4.696051597595215,0.895601212978363,6.250248908996582
